<?xml version="1.0" enconding="UTF-8"?>
<portfolio>
    <index>
        <author>Helena Carolina Pacheco Faria</author>
        <author_n>PG39381</author_n>
        <email>hfaria44@gmail.com</email>
        <descr>Este portfolio, realizado no âmbito da UC Publicação Eletrónica no ano letivo 2020-2021, contém um índice de dois essays realizados na licenciatura de Línguas e Literaturas Europeais. 
        Ao clicar no link, uma nova página html aparece, com o título do essay, nome de quem o fez, a respetiva unidade curricular e o curso.
        Com a realização deste trabalho, era esperado a criação de um indice dos ensaios e a extração de páginas html independentes para cada ensaio.</descr>
    </index>
    
    <report>
        <essay1>
            <content>
                <title_e><i>THE GENDER ISSUE IN THE ADVERTISEMENT</i></title_e>
                <author>De: Helena Carolina Pacheco Faria</author>
                <degree>Licenciatura de Línguas e Literaturas Europeias</degree>
                <curricular_unit>Realizado no âmbito da UC: Linguística Inglesa</curricular_unit>
                <link><a href="genderissues.pdf" target="_blank">ACEDER A PDF</a></link>
           
                <introduction>
                <p><b><center>Introduction</center></b></p>
            <p>The aim of this essay is to show how the gender issues have always been present in the advertisement, and it will also be analysed some of those adds.</p> 
<p>Advertisement is an impersonal mediator function between the buyers and the sellers, not only to bring awareness of the existence of a certain product in the market, but also to sell, influencing the buyer emotionally. (Pereira, 1997:41, Abreu, M. & Sousa, J., Trad.)
Since the beginning of time men have always been seen in the eyes of society as worthier than women, they were the providers, the role models, the ones who had rights and were able to have and opinion and make impartial decisions. On the other hand, women were always objectified, seen has too emotional and irrational to have an opinion or make a judgement, they were supposed to be the men’s property and live a submissive life where their only purpose was to serve their husband.</p>
<p><b>Sexism-</b> Prejudice or discrimination based on sex or gender, especially against women and girls. Sexism can be a belief that one sex is superior to or more valuable than another sex. It imposes limits on what men and boys can and should do and what women and girls can and should do. The concept of sexism was originally formulated to raise consciousness about the oppression of girls and women, although by the early 21st century it had sometimes been expanded to include the oppression of any sex, including men and boys, intersexual people, and transgender people. Sexism in a society is most commonly applied against women and girls.</p> <p>It functions to maintain patriarchy, or male domination, through ideological and material practices of individuals, collectives, and institutions that oppress women and girls on the basis of sex or gender. Such oppression usually takes the forms of economic exploitation and social domination. Sexist behaviours, conditions, and attitudes perpetuate stereotypes of social (gender) roles based on one’s biological sex. A common form of socialization that is based in sexist concepts teaches particular narratives about traditional gender roles for males and females. According to such a view, women and men are opposite, with widely different and complementary roles: women are the weaker sex and less capable than men, especially in the realm of logic and rational reasoning. Women are relegated to the domestic realm of nurturance and emotions and, therefore, according to that reasoning cannot be good leaders in business, politics, and academia. Although women are seen as naturally fit for domestic work and are superb at being caretakers, their roles are devalued or not valued at all when compared with men’s work.</p>
            </introduction>
        
             <body>
        <p><b>Gender Issue in Advertisement</b></p>
<p>Sexism started by a male dominant society, who created the idea of women that they wanted in order to fulfil their own interest and beliefs. Subsequently the term Male chauvinism was created as a way to refer how men mistreat and undiminished women.</p>
<p><b>Male Chauvinist-</b> a man who believes that women are naturally less important, intelligent, or able than men, and so does not treatment and women equally.</p>
<p>There was an ever-existing relationship between advertisement and gender since the debut of publicity; in fact it was in its early days that sexism in advertisement was widely displayed.  
In the past advertisements were mostly made to underestimate women and put them into compromising and submissive positions, as it will soon be analysed.</p>
<p><b>Appendix 1</b></p>
 <p>This Van Heusen tie advertisement from 1951 displays a man lying in bed as his wife delivers him breakfast, on her knees in a demonstration of extreme obedience and submission. The ad not only tries to naturalize the oppression of the gender roles represented in the slogan (“Show her it’s a man’s world”), but also that women are happy to be serving their husband and being submissive to them as they are the supreme figure in the world (“make her so happy it is a man’s world”). The advertisement is focused in the tie itself and commercializes the tie as something “powerful” and “for men only”. In an all-white background the only thing that makes contrast with, it is the colourful tie this is a technique used to reinforce the  product being sold. The man is not even looking directly at his wife, but slightly above her, showing the power he has over her; she is not worthy to be on his level, she is being treated like his own personal maid, that the only purpose that she has in life is to serve him.</p>
<p><b>Appendix 2</b></p>
<p>In this Kellogg’s Pep ad it can be seen a husband and his wife. The man is wearing a suit which leads us to see that he has an important job and the woman has her hair beautifully styled, her makeup is done, is wearing heels and a dress with an apron above it while holding in her hands a cleaning tool. She is dressed like the typical house wife that should look perfect all the time for her husband. “So the harder a wife works, the cuter she looks”, by pronouncing this the man conducts us immediately to the wife being the element of the house chores, so the more she works on pleasing him and keeping the house perfectly clean the better the woman she will be.  In the other part of the ad we have -HUSBAND: “Gosh, Honey, you seem to thrive on cooking, cleaning, and dusting — and I’m all tuckered out by closing time. What’s the answer?” WIFE: “Vitamins, darling! I always get my vitamins!” This part is concentrated in the product that is being sold in the ad: The cereals that are fortified with vitamins. The man inquires his wife how can she handle all the house chores by the time he is home. Women were seen as fragile and weak that without any kind of supplement they would never be able to do any kind of work, as men were strong and powerful by their own nature not needing any type of extra help to get through their daily tasks.</p> 
<p><b>Appendix 3</b></p>
<p>The Hardee’s print ad pictured is set in the 1950s. At first sight we immediately see in bold enormous letters, “Women don’t leave the Kitchen!”, and a blonde, thin woman well dresses in heels, staring from the kitchen window to her husband and her little daughter from inside the kitchen as the ad says, it is her place. The woman represented is also a stereotype of what female beauty should be and how they should be dressed to be presentable for their husbands. The ad goes on to say, “We all know a woman’s place is in the home, cooking a man a delicious meal. But if you are still enjoying the bachelor’s life and don’t have a little miss waiting on you, then come down to Hardee’s for something sloppy and hastily prepared.” Analysing this part of the ad, if a man has a wife he has a maid since her only use is to be in the kitchen cooking her husband a delicious meal until he comes home from work. That is why this ad is focused only in single man, since they need to eat in a restaurant because there is no wife or daughter to be home all day with the only purpose to serve the man and his needs.
Regardless of the fact that now women are currently treated with respect and supposedly have the same rights has men, they need to keep fighting every day for their place in a men’s world. There is still, unfortunately some stigma that females are not equal to men as they are still treated as inferiors. Even though it is the 21st century some companies keep a retrograde mind and behaviour which leads them to represent their companies with extremely sexist ads.</p> 
<p><b>Appendix4</b></p>
<p>PETA is a non-profit organization that aims to protect animals. Their slogan is "Animals are not ours to eat, wear, experiment on, or use for entertainment". One of their latest ads features an extremely attractive naked woman who has her body painted in divisions just like animals have when they are being ready to be sold, and it is also written which body part of the body is. In the ad it says “All animals have the same parts” it can be seen in this ad that, if women and animals share the same for their body parts, they are equal. This is stating that women are just like an animal, they are so inferior that are not even considered a rational human being. The naked body of woman is a way of sexualizing the ad since nudity has nothing to with the organization purpose of saving animals. Once more women are sexualized as a way to sell and are seen as a lower status human being that is not capable of anything and their only worth is in their beauty and sexiness.</p>
<p><b>Appendix 5</b></p>
<p>This is an ad for a hair salon. It is perceived a young couple in their living room. The man is standing up; well dress in a suit which shows he has an important job while the women is sitting on a sofa. She has her hair undone and hair face is covered in bruises, then it is written “look good in all you do”. The man is standing up behind the sofa which shows power, superiority while the woman is in lower position seated which shows her inferiority towards the man. The wife’s bruised face is a punishment for her hair being undone, if she does not look presentable enough for her husband, he has the right and must beat her as a way to discipline her. The husband is holding a necklace as reward he will give to his wife after she goes to the hairdresser. This ad is not only objectifying women, but it is also making it natural that women are submissive, as if females need to do what men want if they want to recompensed and not be beaten up by their husbands.
Since the very beginning of times women have been mistreated and underestimated by the society and nowadays there is a huge quantity of feminist movements to empower women and fight for their equality. Some of the sexist ads that were previously done have now been reinvented with women doing the men role.</p>
<p><b>Appendix 6</b></p>
<p>In the first Van Heusen ad that was formerly analysed in this essay (appendix1) it said “Show her it is a men’s world” now in the re-done version of the ad it can be read “Show him it is a woman’s world”, while the women is lying in bed the husband is serving her breakfast that was cooked by him while he is on his knees, a position that shows inferiority towards the wife. The man is having the woman’s role. The aim of this ad is to reverse the roles of both man and woman in society. If it were men that were treated like second-class citizens how would they feel?</p>
<p><b>Appendix 7</b></p>
<p>In this picture it can be seen both the old and the re-invented ad for a beer company. In the re-done version it is seen a man dressed in woman clothe, more specifically house-wife attire with an apron above it and cleaning tolls on his hands and crying, while his wife is wearing a suit, a piece of cloth that previously could only be worn by men, and she is consoling the husband because he burnt the dinner. Then the wife says, “Darling don’t worry, you didn’t burn the beer!”, The word “darling” is employed here in a negative connotation, being used by the wife to show her superiority and tease the husband. Now the man is doing the wife job, while she just sits and drinks beers, while in the past women could not drink because it was not socially accepted.</p>
            </body>
            
            <conclusion>
            <p><b><center>Conclusion</center></b></p>
<p>In the final analyses of this essay, after the extensive research that has been done and analysing both old and modern advertisements it was concluded that even though the times have changed the gender issue in the advertisement is still a present-day problem, they might not be so common, but they still exist. Nevertheless, nowadays women have gained voice and power, so step by step they are changing these problems, and showing that it also is a women’s world.</p>
                </conclusion>
            </content>
        </essay1>
    </report>

    <report>
        <essay2>
            <content>
                <title_e><i>“The book thief” <p>Book summary/analysis and comparison with the film</p></i></title_e>
                <author>De: Helena Carolina Pacheco Faria</author>
                <degree>Licenciatura de Línguas e Literaturas Europeias</degree>
                <curricular_unit>Realizado no âmbito da UC: Inglês</curricular_unit>
                <link2><a href="projeto.pdf" target="_blank">ACEDER A PDF</a></link2>
         
        
                <introduction>
                <p><b>Introduction</b></p>
                In this essay, it will be presented an analysis of a book written by Marcus Zusak called “The book thief” and an analysis with the film that was made inspired by that book. After that, it will be made a comparison between the book and the film. 
The book thief is a 2005 historical novel written by the Australian author Marcus Zusak. By the time it was released it became an international bestseller and was translated into several languages. It was adapted into a 2013 feature film of the same name. The film was nominated for one Oscar, won 9 prizes such as Best Youth Performance (won in 2013), Best Film (won in 2014), U.S. Cinema (won in 2013) and got another 16 nominations. 
            </introduction>

            <body>
            <p><b><center>Book summary</center></b></p>
<p> The book starts with death presenting itself as the narrator of the novel as he is looking for the book thief. The first time he sees her is on a train, the second time he sees her is when he comes for a pilot who crashes his plane and the third time, he sees her after the bombing. Death associates a color with the book thief every time he sees her: white, red and black. These three colors represent the Nazi flag. After that, death begins to tell the story. Liesel, her mother and her brother Werner are travelling on a train and, suddenly Werner dies. When Liesel and her mother go bury the body, one of the gravediggers lets a book fall on the ground full of snow and Liesel steals it. Liesel and her mother continue their journey to Munich where Liesel will be raised by Hans and Rosa Hubermann, their new foster parents. She is fostered by the Hubermann’s after her biological father abandons her family, her brother dies, and her mother is forced to send her to a foster home due to her being a communist which is forbidden at the time. </p>
<p>When Liesel first arrives to her new house, she comes across with a sharp-tongued and often abrasive foster mother and a painter, accordion player and a former soldier foster father. Hans develops a very caring relationship with her and slowly, Liesel starts to adjust to her new life, even though she is plagued by nightmares of her dead brother. She becomes friends with a boy named Rudy who constantly pesters Liesel to kiss him. Once, in class, Liesel gets called to the board and she is mocked because she doesn’t know how to read. When Hans discovers it, he begins teaching her the alphabet and together they make their way through the book Liesel stole from the gravedigger. At the same time, the political situation in Molching and throughout Germany is becoming serious: war escalates and there is food and work shortages at home. When, at the celebrations of Hitler’s birthday, the town holds a book-burning, Liesel steals another book but this time, from the flames. To supplement the household income, Rosa Hubermann does the washing and ironing for five of the wealthier households in Molching. One day, Rosa gives Liesel the clothes for her to deliver and she goes to the house of Ilsa Hermann, the wife of the mayor of Molching. Ilsa Hermann was the only person who saw Liesel steal the book in the book-burning and she understood her love for books. Therefore, she invites Liesel to her study where she keeps a wall full of the most various books. While Liesel reads in Ilsa’s study, in another city, Stuttgart, a German Jew named Max hides in a closet without any food, water or light. A friend hands him a fake ID and a map and Max takes the train to the Hubermann’s house. There, he hopes to get shelter and a clean place and with better conditions to hide. When he gets there, Hans Hubermann recognizes the son of the man who saved his life in WWI and he immediately helps him hide in their basement. As the days pass, Max and Liesel develop a friendship and Max writes her a book on a painted-over pages of Hitler’s bibliography.</p>
<p>While Liesel is reading at Frau Hermann’s study, her husband comes in and he doesn’t hide his discontent towards Liesel presence there. With this, Frau Hermann tells Liesel she can’t afford to send out the laundry anymore and Liesel gets mad. With Rudy’s help, Liesel sneaks into Frau Hermann house and begins to steal some books. With Christmas coming, Liesel decides that it is a good idea to do a snowman inside their basement, but Max gets sick and he takes several months to recover. Nazi soldiers are doing an inspection to the basements and, luckily, they don’t see Max when they go to Hubermann’s basement. The Allies start bombing near Molching and people must take shelter in a neighbor’s basement. Meanwhile, Max must stay in the Hubermann’s basement by himself. The war intensifies and Nazi soldiers begin parading Jewish prisoners through town on their way to Dachau. Hans, seeing an old man struggling to keep up with the rest of the group, offers him a piece of bread. Nazi soldiers come to separate them both and Hans realizes he has aroused suspicion and drawn attention to himself. In that night, Max leaves Hans and Rosa’s basement while Hans is waiting for the soldiers to come to his house and take him. A few days later, Alex (Rudy’s father) and Hans are drafted into the German army. When they leave, Liesel and Rudy go to the next parade and spread bread in the streets. Rosa gives Liesel a book that Max made called “The Word Shaker” and it tells the story of their friendship and he promises to reunite with her again someday.</p>
<p>Hans is sent to Essen where he continues his duties but a member of the squad dislikes him and insists, they change places on their work bus. The bus crashes and the other man is killed while Hans gets his leg broken. He gets sent home to recuperate. Following another air raid, Liesel and Rudy find an Allied fighter pilot who has crashed his plane. When they arrive, he dies. That here death sees the book thief for the second time. As the parade continues, Liesel sees Max among the other Jews made prisoners. The mayor’s wife knew Liesel was stealing books from her study and hands her a blank notebook where she can begin writing her own story. One night, Liesel was in the basement writing on her book and her neighborhood is bombed. Her family, her friend Rudy and the rest of the neighborhood are dead. When Liesel is rescued out of the rubble, she finds Rudy’s corpse and gives him the kiss he always wanted. The workers take her away and Liesel leaves behind her book called “The book thief”. Death, who was watching, rescues the book. Liesel goes to live with the mayor and his wife and Max, after the liberation of the concentration camps, returns to Molching. He finds Liesel and thy hug and cry together. Liesel grows up and moves to Australia. When Death finally comes to take her soul, he shows her the book she wrote many years before.</p>
                
<p><b><center>
Analysis of the book
</center></b></p>
<p><i><u>This novel presents the reader various themes, such as:</u></i></p>
<p><b><center>The Power of Words</center></b></p>
<p>Words and stories have great value throughout the novel, and it suggests that they are among the most powerful ways to connect people with each other. Learning the alphabet and how to create words is how Hans and Liesel develop a bond. The gift Max gives to Liesel is also an example of that and in that book, he indicates that words are the most powerful force since Hitler uses words and not guns or money to take over the world. This story shows the reader how Liesel uses words as a refuge during the Nazi Era and Max was able to find shelter in her words as well. Death finds an emotional connection with Liesel in her book that she left behind and the novel itself creates a bond between the reader and the characters. Words can be also presented as elements of expression and freedom.</p> 
<p>Literacy skills and vernacular speech represent social markers because, at that time wealthy citizens are portrayed as literate, owners of books and personal libraries. When the Nazi burning of books happens, Liesel stoles once again a book and that might be interpreted as her reclaiming freedom and resistance to being controlled.</p>

<p><b><center>The Kindness and Cruelty of Humans</center></b></p>
<p>The novel shows the various degrees of people’s kindness and cruelty. As kindness we can use the example of the generous actions of Ilsa Hermann on inviting Liesel to read in her library or the Hubermann’s commitment on hiding Max. They are at a great risk, but they take good care of him and they make him feel like he is part of the family but on the other hand, we can find cruelty on the soldiers that scolded Hans after he gave a piece of bread to a struggling man. In this particular example we can clearly see the contrast between the two actions. Kindness because of the action of Hans and cruelty because of the action of the soldier.

<p><b><center>The Dualities of Nazi-Era Germany</center></b></p>
<p>Throughout the book, we can see that characters often have two faces. Max, when he is travelling from Stuttgart to Molching, he blends in as a non-Jewish German while he reads Mein Kampf while he is a terrified Jew who finds the book abhorrent. The fact that Max uses Hitler’s biography to write his book, also embodies this theme of duality.</p>
<p>The Hubermanns are also part of this theme. They seem to be law-abiding citizens to their friends and neighbors, but they hide what could possibly get them killed. Duality is the theme of life in general for Rudy and Liesel as they live great part of their time in typical teenage activities as playing in the streets, but these moments are ruined by the parade of Jews or the bombing that destroys their neighborhood. This theme signifies that despite the oppressive political climate of Nazi Germany, many people must express their humanity in secret. It also as to do with the kindness and cruelty of Humans.</p>


<p><b><center>
Mortality
</center></b></p>
<p>The novel is introduced by Death as the narrator and it shows the reader that death is very present in the lives of each character. Due to the era this book represents (World War II), death and genocide are omnipresent, and many characters reaffirm the presence of immortality. The fact that death is the narrator, it gives it a sense of care rather than fear because it explains how he feels about taking the life of each character and he narrates the reasons behind each character’s destruction. At some point, death reaffirms that there is a care present in the concept of death when he states:</p> 
<i>“Even Death has a heart”</i>
<p><b><center>Love</center></b></p>
<p>In the middle of a war where death and loss have caused several damages to Liesel and the other characters, love is seen as change and freedom. Liesel suffers a lot after the death of her younger brother and being welcomed by her foster family made her feel a new kind of love. In the beginning Liesel doesn’t fit in her new family or in her new school but through time, Liesel begins to develop caring relationships with her foster father, with Rudy, with Max and her foster mother and Liesel begins to heal and grow. The love that Max and Liesel develop due to their relationship serves as contrast to the hate that is the backstory.</p>

<p><b><center>
Comparison with the film
</center></b></p>
<p>When a novel is adapted to a film, most of the time a big part of the story gets cut and those who haven’t the novel don’t understand the essence of the story. Unfortunately, this happens a lot with a lot of famous novels and people start watching only the film and forget that everything started with a book. When it comes to this novel and consequently the film, the essence of the plot is there and the viewer who has also read the book can perfectly identify the scenes that has read. The director stood true to the novel and the actors resemble what the readers imagined the characters would be. In the film, those who haven’t read the book don’t miss nothing of the plot because right in the beginning, we understand that Death is the narrator and without introducing themselves, we understand which characters are being represented by each actor.</p>
<p>The historical facts are also very well presented such as the book-burning, the clothes, the soldiers or even Hitler itself. When we read the novel, he get transported to inside the book and it seems as if we are there living all the facts and moments. When we see the film, we get so imbibed by how great the film is that we actually forget that it is just a film.</p>
          
            <p><b><center>Conclusion</center></b></p>
<p>This novel is a great example on how a book can be turned into a film and not lose the essence of the plot. The novel has the ability of keeping the reader captivated and motivated to know the rest of the story and when the same reader sees the film, he doesn´t get disappointed because the plot is all there. Being it a novel of 2005, it talks about themes that had an important yet sad role in the world’s history but it doesn’t focus only on those themes such as Nazi German and Cruelty of that time but it also focuses on love and on the power of reading and writing as a way to express ourselves and to become free.</p>
            </body>
        
            </content>
        </essay2>
    </report>

</portfolio>

